<?xml version="1.0" encoding="UTF-8"?>
<project-private xmlns="http://www.netbeans.org/ns/project-private/1">
    <editor-bookmarks xmlns="http://www.netbeans.org/ns/editor-bookmarks/2" lastBookmarkId="0"/>
    <open-files xmlns="http://www.netbeans.org/ns/projectui-open-files/2">
        <group>
            <file>file:/D:/FPTK19/PRJ/PRJ301/SE1814_SE192114-SE192127_FinalAssignment_RestaurantReservation/src/java/dao/UserDAO.java</file>
            <file>file:/D:/FPTK19/PRJ/PRJ301/SE1814_SE192114-SE192127_FinalAssignment_RestaurantReservation/web/RestaurantProfile.jsp</file>
            <file>file:/D:/FPTK19/PRJ/PRJ301/SE1814_SE192114-SE192127_FinalAssignment_RestaurantReservation/src/java/util/DBUtils.java</file>
            <file>file:/D:/FPTK19/PRJ/PRJ301/SE1814_SE192114-SE192127_FinalAssignment_RestaurantReservation/src/java/dto/REntityDTO.java</file>
            <file>file:/D:/FPTK19/PRJ/PRJ301/SE1814_SE192114-SE192127_FinalAssignment_RestaurantReservation/src/java/controller/UserController.java</file>
            <file>file:/D:/FPTK19/PRJ/PRJ301/SE1814_SE192114-SE192127_FinalAssignment_RestaurantReservation/web/ReservationDetail.jsp</file>
        </group>
    </open-files>
</project-private>
