<?xml version="1.0" encoding="UTF-8"?>
<project-private xmlns="http://www.netbeans.org/ns/project-private/1">
    <editor-bookmarks xmlns="http://www.netbeans.org/ns/editor-bookmarks/2" lastBookmarkId="0"/>
    <open-files xmlns="http://www.netbeans.org/ns/projectui-open-files/2">
        <group>
            <file>file:/D:/FPTK19/PRJ/PRJ301/SE1814_SE192114%20-%20Workshop%201/src/java/dto/UserDTO.java</file>
            <file>file:/D:/FPTK19/PRJ/PRJ301/SE1814_SE192114%20-%20Workshop%201/web/Login.jsp</file>
            <file>file:/D:/FPTK19/PRJ/PRJ301/SE1814_SE192114%20-%20Workshop%201/web/search.jsp</file>
            <file>file:/D:/FPTK19/PRJ/PRJ301/SE1814_SE192114%20-%20Workshop%201/src/java/controller/MainController.java</file>
            <file>file:/D:/FPTK19/PRJ/PRJ301/SE1814_SE192114%20-%20Workshop%201/src/java/dao/ProjectDAO.java</file>
        </group>
    </open-files>
</project-private>
